"val","Overall"
"92.89519636304723","92.89519636304723"
